eligibility_id,member_id,plan_code,insurance_type,eligibility_status,effective_from,effective_to,version,effective_from_basis,change_reason
ELG-00001,MBR-00001,MCD-STD,Medicaid,Active,2023-02-04,,1,enrollment_date,initial enrollment
ELG-00002,MBR-00002,PRV-SLVR,Private,Active,2022-04-21,,1,backfilled_earliest_claim,initial enrollment
ELG-00003,MBR-00003,SP-BASIC,Self-Pay,Active,2021-05-12,,1,backfilled_earliest_claim,initial enrollment
ELG-00004,MBR-00004,MCR-ADV,Medicare,Active,2021-07-02,2024-09-01,1,backfilled_earliest_claim,initial enrollment
ELG-00005,MBR-00004,MCR-ADV,Medicare,Terminated,2024-09-01,,2,termination,coverage terminated
ELG-00006,MBR-00005,MCR-ADV,Medicare,Active,2022-01-12,,1,backfilled_earliest_claim,initial enrollment
ELG-00007,MBR-00006,MCD-EXP,Medicaid,Active,2024-05-03,,1,enrollment_date,initial enrollment
ELG-00008,MBR-00007,MCD-EXP,Medicaid,Active,2021-11-30,,1,enrollment_date,initial enrollment
ELG-00009,MBR-00008,MCD-STD,Medicaid,Active,2021-07-16,,1,enrollment_date,initial enrollment
ELG-00010,MBR-00009,SP-BASIC,Self-Pay,Active,2022-07-06,2024-07-01,1,backfilled_earliest_claim,initial enrollment
ELG-00011,MBR-00009,SP-BASIC,Self-Pay,Terminated,2024-07-01,,2,termination,coverage terminated
ELG-00012,MBR-00010,PRV-GOLD,Private,Active,2023-07-21,2024-02-01,1,enrollment_date,initial enrollment
ELG-00013,MBR-00010,PRV-GOLD,Private,Terminated,2024-02-01,,2,termination,coverage terminated
ELG-00014,MBR-00011,SP-BASIC,Self-Pay,Active,2022-02-15,,1,enrollment_date,initial enrollment
ELG-00015,MBR-00012,MCR-ADV,Medicare,Active,2021-02-19,,1,backfilled_earliest_claim,initial enrollment
ELG-00016,MBR-00013,MCD-STD,Medicaid,Active,2020-07-24,,1,enrollment_date,initial enrollment
ELG-00017,MBR-00014,MCR-ADV,Medicare,Active,2021-01-05,,1,backfilled_earliest_claim,initial enrollment
ELG-00018,MBR-00015,MCD-EXP,Medicaid,Active,2021-09-12,,1,backfilled_earliest_claim,initial enrollment
ELG-00019,MBR-00016,MCD-EXP,Medicaid,Active,2021-11-03,,1,backfilled_earliest_claim,initial enrollment
ELG-00020,MBR-00017,SP-BASIC,Self-Pay,Active,2022-02-04,,1,backfilled_earliest_claim,initial enrollment
ELG-00021,MBR-00018,MCR-ADV,Medicare,Active,2021-12-20,,1,enrollment_date,initial enrollment
ELG-00022,MBR-00019,MCD-EXP,Medicaid,Active,2020-08-04,,1,enrollment_date,initial enrollment
ELG-00023,MBR-00020,MCD-STD,Medicaid,Active,2020-01-15,,1,enrollment_date,initial enrollment
ELG-00024,MBR-00021,MCR-STD,Medicare,Active,2021-01-28,,1,backfilled_earliest_claim,initial enrollment
ELG-00025,MBR-00022,MCR-STD,Medicare,Active,2021-08-15,,1,enrollment_date,initial enrollment
ELG-00026,MBR-00023,PRV-BRZ,Private,Active,2024-02-22,,1,enrollment_date,initial enrollment
ELG-00027,MBR-00024,MCR-STD,Medicare,Active,2021-06-13,,1,backfilled_earliest_claim,initial enrollment
ELG-00028,MBR-00025,MCR-STD,Medicare,Active,2021-08-02,,1,backfilled_earliest_claim,initial enrollment
ELG-00029,MBR-00026,PRV-SLVR,Private,Active,2023-11-07,,1,backfilled_earliest_claim,initial enrollment
ELG-00030,MBR-00027,MCR-ADV,Medicare,Active,2024-01-01,,1,backfilled_earliest_claim,initial enrollment
ELG-00031,MBR-00028,MCR-ADV,Medicare,Active,2022-03-05,,1,enrollment_date,initial enrollment
ELG-00032,MBR-00029,MCD-EXP,Medicaid,Active,2023-02-16,,1,backfilled_earliest_claim,initial enrollment
ELG-00033,MBR-00030,SP-BASIC,Self-Pay,Active,2021-07-17,,1,enrollment_date,initial enrollment
ELG-00034,MBR-00031,PRV-GOLD,Private,Active,2020-08-18,,1,enrollment_date,initial enrollment
ELG-00035,MBR-00032,PRV-GOLD,Private,Active,2021-03-26,,1,backfilled_earliest_claim,initial enrollment
ELG-00036,MBR-00033,SP-BASIC,Self-Pay,Active,2021-07-10,,1,enrollment_date,initial enrollment
ELG-00037,MBR-00034,MCR-ADV,Medicare,Active,2024-06-30,,1,backfilled_earliest_claim,initial enrollment
ELG-00038,MBR-00035,SP-BASIC,Self-Pay,Active,2024-07-21,,1,enrollment_date,initial enrollment
ELG-00039,MBR-00036,SP-BASIC,Self-Pay,Active,2020-07-08,,1,enrollment_date,initial enrollment
ELG-00040,MBR-00037,MCR-ADV,Medicare,Active,2021-02-05,,1,backfilled_earliest_claim,initial enrollment
ELG-00041,MBR-00038,MCD-EXP,Medicaid,Active,2021-04-23,,1,backfilled_earliest_claim,initial enrollment
ELG-00042,MBR-00039,MCR-STD,Medicare,Active,2021-03-07,,1,backfilled_earliest_claim,initial enrollment
ELG-00043,MBR-00040,MCR-ADV,Medicare,Active,2021-12-16,,1,backfilled_earliest_claim,initial enrollment
ELG-00044,MBR-00041,MCD-STD,Medicaid,Active,2021-07-17,,1,enrollment_date,initial enrollment
ELG-00045,MBR-00042,PRV-BRZ,Private,Active,2024-06-24,,1,enrollment_date,initial enrollment
ELG-00046,MBR-00043,MCR-STD,Medicare,Active,2021-10-03,,1,enrollment_date,initial enrollment
ELG-00047,MBR-00044,MCR-STD,Medicare,Active,2021-01-19,2021-10-01,1,enrollment_date,initial enrollment
ELG-00048,MBR-00044,MCR-ADV,Medicare,Active,2021-10-01,,2,plan_change,plan tier change
ELG-00049,MBR-00045,MCR-ADV,Medicare,Active,2021-05-21,,1,backfilled_earliest_claim,initial enrollment
ELG-00050,MBR-00046,PRV-BRZ,Private,Active,2021-05-12,,1,backfilled_earliest_claim,initial enrollment
ELG-00051,MBR-00047,PRV-GOLD,Private,Active,2022-05-06,,1,backfilled_earliest_claim,initial enrollment
ELG-00052,MBR-00048,MCD-EXP,Medicaid,Active,2021-08-31,,1,enrollment_date,initial enrollment
ELG-00053,MBR-00049,MCD-EXP,Medicaid,Active,2024-11-29,,1,enrollment_date,initial enrollment
ELG-00054,MBR-00050,PRV-BRZ,Private,Active,2022-10-30,,1,backfilled_earliest_claim,initial enrollment
ELG-00055,MBR-00051,PRV-GOLD,Private,Active,2024-07-21,,1,enrollment_date,initial enrollment
ELG-00056,MBR-00052,PRV-BRZ,Private,Active,2021-04-17,,1,enrollment_date,initial enrollment
ELG-00057,MBR-00053,MCD-EXP,Medicaid,Active,2020-09-19,,1,enrollment_date,initial enrollment
ELG-00058,MBR-00054,PRV-GOLD,Private,Active,2024-05-14,,1,enrollment_date,initial enrollment
ELG-00059,MBR-00055,SP-BASIC,Self-Pay,Active,2022-09-16,,1,backfilled_earliest_claim,initial enrollment
ELG-00060,MBR-00056,SP-BASIC,Self-Pay,Active,2020-01-09,,1,enrollment_date,initial enrollment
ELG-00061,MBR-00057,PRV-BRZ,Private,Active,2020-05-31,,1,enrollment_date,initial enrollment
ELG-00062,MBR-00058,SP-BASIC,Self-Pay,Active,2021-03-30,2022-12-01,1,backfilled_earliest_claim,initial enrollment
ELG-00063,MBR-00058,SP-BASIC,Self-Pay,Terminated,2022-12-01,,2,termination,coverage terminated
ELG-00064,MBR-00059,PRV-SLVR,Private,Active,2021-08-16,,1,backfilled_earliest_claim,initial enrollment
ELG-00065,MBR-00060,PRV-GOLD,Private,Active,2021-10-29,,1,backfilled_earliest_claim,initial enrollment
ELG-00066,MBR-00061,PRV-GOLD,Private,Active,2020-06-09,,1,enrollment_date,initial enrollment
ELG-00067,MBR-00062,MCD-EXP,Medicaid,Active,2022-04-07,,1,backfilled_earliest_claim,initial enrollment
ELG-00068,MBR-00063,SP-BASIC,Self-Pay,Active,2021-02-20,,1,backfilled_earliest_claim,initial enrollment
ELG-00069,MBR-00064,MCR-STD,Medicare,Active,2023-09-03,,1,backfilled_earliest_claim,initial enrollment
ELG-00070,MBR-00065,PRV-SLVR,Private,Active,2021-07-16,2025-07-01,1,enrollment_date,initial enrollment
ELG-00071,MBR-00065,PRV-SLVR,Private,Terminated,2025-07-01,,2,termination,coverage terminated
ELG-00072,MBR-00066,PRV-SLVR,Private,Active,2021-11-28,,1,backfilled_earliest_claim,initial enrollment
ELG-00073,MBR-00067,PRV-GOLD,Private,Active,2022-10-16,,1,enrollment_date,initial enrollment
ELG-00074,MBR-00068,MCD-STD,Medicaid,Active,2022-12-08,,1,enrollment_date,initial enrollment
ELG-00075,MBR-00069,SP-BASIC,Self-Pay,Active,2021-04-21,,1,enrollment_date,initial enrollment
ELG-00076,MBR-00070,SP-BASIC,Self-Pay,Pending,2024-11-03,,1,enrollment_date,enrollment pending verification
ELG-00077,MBR-00071,MCD-EXP,Medicaid,Pending,2021-08-29,,1,enrollment_date,enrollment pending verification
ELG-00078,MBR-00072,SP-BASIC,Self-Pay,Active,2020-09-09,,1,enrollment_date,initial enrollment
ELG-00079,MBR-00073,SP-BASIC,Self-Pay,Active,2022-02-13,,1,backfilled_earliest_claim,initial enrollment
ELG-00080,MBR-00074,MCD-STD,Medicaid,Active,2021-07-23,2022-02-01,1,enrollment_date,initial enrollment
ELG-00081,MBR-00074,MCD-STD,Medicaid,Terminated,2022-02-01,,2,termination,coverage terminated
ELG-00082,MBR-00075,MCR-ADV,Medicare,Active,2022-05-03,,1,enrollment_date,initial enrollment
ELG-00083,MBR-00076,MCR-ADV,Medicare,Active,2022-02-23,,1,enrollment_date,initial enrollment
ELG-00084,MBR-00077,MCR-ADV,Medicare,Active,2022-08-16,,1,backfilled_earliest_claim,initial enrollment
ELG-00085,MBR-00078,PRV-BRZ,Private,Active,2022-07-09,,1,enrollment_date,initial enrollment
ELG-00086,MBR-00079,MCR-STD,Medicare,Active,2020-02-05,,1,enrollment_date,initial enrollment
ELG-00087,MBR-00080,PRV-SLVR,Private,Active,2021-10-15,2023-11-01,1,enrollment_date,initial enrollment
ELG-00088,MBR-00080,PRV-SLVR,Private,Terminated,2023-11-01,,2,termination,coverage terminated
ELG-00089,MBR-00081,MCD-EXP,Medicaid,Active,2021-09-04,,1,backfilled_earliest_claim,initial enrollment
ELG-00090,MBR-00082,PRV-BRZ,Private,Active,2023-01-17,,1,backfilled_earliest_claim,initial enrollment
ELG-00091,MBR-00083,MCD-EXP,Medicaid,Active,2023-09-27,,1,enrollment_date,initial enrollment
ELG-00092,MBR-00084,MCR-STD,Medicare,Active,2022-03-06,,1,backfilled_earliest_claim,initial enrollment
ELG-00093,MBR-00085,MCD-STD,Medicaid,Pending,2022-09-30,,1,enrollment_date,enrollment pending verification
ELG-00094,MBR-00086,MCD-EXP,Medicaid,Active,2021-02-24,,1,backfilled_earliest_claim,initial enrollment
ELG-00095,MBR-00087,MCD-STD,Medicaid,Pending,2021-06-25,,1,backfilled_earliest_claim,enrollment pending verification
ELG-00096,MBR-00088,MCD-EXP,Medicaid,Active,2021-07-13,,1,backfilled_earliest_claim,initial enrollment
ELG-00097,MBR-00089,MCD-EXP,Medicaid,Active,2022-02-12,,1,backfilled_earliest_claim,initial enrollment
ELG-00098,MBR-00090,SP-BASIC,Self-Pay,Active,2021-09-26,,1,backfilled_earliest_claim,initial enrollment
ELG-00099,MBR-00091,MCD-EXP,Medicaid,Active,2021-05-27,,1,enrollment_date,initial enrollment
ELG-00100,MBR-00092,MCR-ADV,Medicare,Active,2021-06-22,,1,backfilled_earliest_claim,initial enrollment
ELG-00101,MBR-00093,MCR-ADV,Medicare,Active,2021-06-03,,1,backfilled_earliest_claim,initial enrollment
ELG-00102,MBR-00094,PRV-BRZ,Private,Active,2023-01-04,,1,enrollment_date,initial enrollment
ELG-00103,MBR-00095,MCR-ADV,Medicare,Active,2022-01-05,,1,backfilled_earliest_claim,initial enrollment
ELG-00104,MBR-00096,MCR-STD,Medicare,Pending,2023-02-04,,1,backfilled_earliest_claim,enrollment pending verification
ELG-00105,MBR-00097,MCR-ADV,Medicare,Active,2021-04-18,,1,enrollment_date,initial enrollment
ELG-00106,MBR-00098,MCD-STD,Medicaid,Active,2021-09-24,,1,backfilled_earliest_claim,initial enrollment
ELG-00107,MBR-00099,MCR-ADV,Medicare,Active,2022-05-13,,1,backfilled_earliest_claim,initial enrollment
ELG-00108,MBR-00100,MCD-EXP,Medicaid,Active,2021-03-17,,1,enrollment_date,initial enrollment
ELG-00109,MBR-00101,MCD-STD,Medicaid,Active,2022-11-05,,1,enrollment_date,initial enrollment
ELG-00110,MBR-00102,PRV-GOLD,Private,Active,2022-06-14,,1,enrollment_date,initial enrollment
ELG-00111,MBR-00103,PRV-SLVR,Private,Active,2021-01-14,,1,enrollment_date,initial enrollment
ELG-00112,MBR-00104,PRV-BRZ,Private,Active,2021-05-01,,1,backfilled_earliest_claim,initial enrollment
ELG-00113,MBR-00105,SP-BASIC,Self-Pay,Active,2022-01-26,,1,backfilled_earliest_claim,initial enrollment
ELG-00114,MBR-00106,MCR-STD,Medicare,Active,2021-01-21,,1,backfilled_earliest_claim,initial enrollment
ELG-00115,MBR-00107,PRV-GOLD,Private,Active,2022-02-14,,1,enrollment_date,initial enrollment
ELG-00116,MBR-00108,PRV-SLVR,Private,Active,2020-04-24,,1,enrollment_date,initial enrollment
ELG-00117,MBR-00109,MCR-STD,Medicare,Active,2024-02-25,2024-07-01,1,enrollment_date,initial enrollment
ELG-00118,MBR-00109,MCR-STD,Medicare,Terminated,2024-07-01,,2,termination,coverage terminated
ELG-00119,MBR-00110,MCR-STD,Medicare,Active,2022-10-17,,1,enrollment_date,initial enrollment
ELG-00120,MBR-00111,MCR-STD,Medicare,Active,2020-07-10,,1,enrollment_date,initial enrollment
ELG-00121,MBR-00112,PRV-SLVR,Private,Active,2020-04-05,,1,enrollment_date,initial enrollment
ELG-00122,MBR-00113,SP-BASIC,Self-Pay,Active,2023-10-02,,1,backfilled_earliest_claim,initial enrollment
ELG-00123,MBR-00114,PRV-BRZ,Private,Active,2022-05-12,,1,backfilled_earliest_claim,initial enrollment
ELG-00124,MBR-00115,MCD-STD,Medicaid,Active,2021-01-31,2024-02-01,1,enrollment_date,initial enrollment
ELG-00125,MBR-00115,MCD-STD,Medicaid,Terminated,2024-02-01,,2,termination,coverage terminated
ELG-00126,MBR-00116,MCD-EXP,Medicaid,Active,2023-04-03,,1,backfilled_earliest_claim,initial enrollment
ELG-00127,MBR-00117,MCD-EXP,Medicaid,Pending,2022-01-04,,1,enrollment_date,enrollment pending verification
ELG-00128,MBR-00118,PRV-BRZ,Private,Active,2022-06-03,,1,enrollment_date,initial enrollment
ELG-00129,MBR-00119,PRV-BRZ,Private,Active,2021-12-15,2023-04-01,1,backfilled_earliest_claim,initial enrollment
ELG-00130,MBR-00119,PRV-BRZ,Private,Terminated,2023-04-01,,2,termination,coverage terminated
ELG-00131,MBR-00120,PRV-BRZ,Private,Active,2024-09-12,,1,enrollment_date,initial enrollment
ELG-00132,MBR-00121,MCR-STD,Medicare,Active,2021-05-28,,1,backfilled_earliest_claim,initial enrollment
ELG-00133,MBR-00122,MCD-STD,Medicaid,Active,2022-01-20,,1,enrollment_date,initial enrollment
ELG-00134,MBR-00123,PRV-GOLD,Private,Active,2023-06-07,,1,enrollment_date,initial enrollment
ELG-00135,MBR-00124,PRV-SLVR,Private,Active,2021-03-26,2021-06-01,1,backfilled_earliest_claim,initial enrollment
ELG-00136,MBR-00124,PRV-SLVR,Private,Terminated,2021-06-01,,2,termination,coverage terminated
ELG-00137,MBR-00125,MCR-STD,Medicare,Pending,2022-01-10,,1,backfilled_earliest_claim,enrollment pending verification
ELG-00138,MBR-00126,MCD-STD,Medicaid,Active,2021-05-14,,1,enrollment_date,initial enrollment
ELG-00139,MBR-00127,SP-BASIC,Self-Pay,Active,2021-07-20,,1,backfilled_earliest_claim,initial enrollment
ELG-00140,MBR-00128,PRV-BRZ,Private,Active,2022-05-25,,1,enrollment_date,initial enrollment
ELG-00141,MBR-00129,MCD-EXP,Medicaid,Active,2020-02-08,,1,enrollment_date,initial enrollment
ELG-00142,MBR-00130,MCR-ADV,Medicare,Active,2021-12-01,,1,backfilled_earliest_claim,initial enrollment
ELG-00143,MBR-00131,MCR-STD,Medicare,Active,2021-11-17,,1,backfilled_earliest_claim,initial enrollment
ELG-00144,MBR-00132,PRV-SLVR,Private,Active,2023-04-29,,1,enrollment_date,initial enrollment
ELG-00145,MBR-00133,MCR-STD,Medicare,Pending,2021-10-01,,1,backfilled_earliest_claim,enrollment pending verification
ELG-00146,MBR-00134,MCR-ADV,Medicare,Active,2022-03-25,2023-11-01,1,enrollment_date,initial enrollment
ELG-00147,MBR-00134,MCR-ADV,Medicare,Terminated,2023-11-01,,2,termination,coverage terminated
ELG-00148,MBR-00135,MCD-STD,Medicaid,Active,2023-06-06,,1,enrollment_date,initial enrollment
ELG-00149,MBR-00136,PRV-GOLD,Private,Active,2020-02-16,,1,enrollment_date,initial enrollment
ELG-00150,MBR-00137,PRV-BRZ,Private,Active,2022-08-13,,1,backfilled_earliest_claim,initial enrollment
ELG-00151,MBR-00138,MCD-STD,Medicaid,Active,2022-08-28,,1,enrollment_date,initial enrollment
ELG-00152,MBR-00139,SP-BASIC,Self-Pay,Active,2020-12-23,,1,enrollment_date,initial enrollment
ELG-00153,MBR-00140,PRV-SLVR,Private,Active,2021-11-06,,1,enrollment_date,initial enrollment
ELG-00154,MBR-00141,MCD-EXP,Medicaid,Active,2022-01-01,,1,enrollment_date,initial enrollment
ELG-00155,MBR-00142,MCR-STD,Medicare,Active,2021-05-09,,1,backfilled_earliest_claim,initial enrollment
ELG-00156,MBR-00143,MCD-EXP,Medicaid,Active,2022-01-01,,1,enrollment_date,initial enrollment
ELG-00157,MBR-00144,MCR-STD,Medicare,Active,2021-01-24,2021-07-01,1,enrollment_date,initial enrollment
ELG-00158,MBR-00144,MCR-STD,Medicare,Terminated,2021-07-01,,2,termination,coverage terminated
ELG-00159,MBR-00145,PRV-BRZ,Private,Active,2021-03-25,,1,enrollment_date,initial enrollment
ELG-00160,MBR-00146,SP-BASIC,Self-Pay,Active,2021-03-17,,1,backfilled_earliest_claim,initial enrollment
ELG-00161,MBR-00147,MCD-EXP,Medicaid,Pending,2020-05-25,,1,enrollment_date,enrollment pending verification
ELG-00162,MBR-00148,MCR-STD,Medicare,Active,2020-03-03,,1,enrollment_date,initial enrollment
ELG-00163,MBR-00149,PRV-GOLD,Private,Active,2021-05-01,,1,backfilled_earliest_claim,initial enrollment
ELG-00164,MBR-00150,MCR-STD,Medicare,Active,2021-12-30,2022-07-01,1,backfilled_earliest_claim,initial enrollment
ELG-00165,MBR-00150,MCR-STD,Medicare,Terminated,2022-07-01,,2,termination,coverage terminated
ELG-00166,MBR-00151,PRV-BRZ,Private,Active,2021-07-03,,1,backfilled_earliest_claim,initial enrollment
ELG-00167,MBR-00152,PRV-GOLD,Private,Active,2023-09-25,,1,backfilled_earliest_claim,initial enrollment
ELG-00168,MBR-00153,MCR-STD,Medicare,Pending,2020-01-01,,1,enrollment_date,enrollment pending verification
ELG-00169,MBR-00154,PRV-SLVR,Private,Active,2021-07-16,,1,backfilled_earliest_claim,initial enrollment
ELG-00170,MBR-00155,MCR-STD,Medicare,Active,2023-07-25,,1,backfilled_earliest_claim,initial enrollment
ELG-00171,MBR-00156,MCD-EXP,Medicaid,Active,2023-03-11,2023-09-01,1,backfilled_earliest_claim,initial enrollment
ELG-00172,MBR-00156,MCD-EXP,Medicaid,Terminated,2023-09-01,,2,termination,coverage terminated
ELG-00173,MBR-00157,MCD-STD,Medicaid,Active,2022-05-18,,1,backfilled_earliest_claim,initial enrollment
ELG-00174,MBR-00158,PRV-BRZ,Private,Active,2021-04-19,,1,backfilled_earliest_claim,initial enrollment
ELG-00175,MBR-00159,PRV-SLVR,Private,Active,2021-02-26,2022-06-01,1,backfilled_earliest_claim,initial enrollment
ELG-00176,MBR-00159,PRV-SLVR,Private,Terminated,2022-06-01,,2,termination,coverage terminated
ELG-00177,MBR-00160,PRV-SLVR,Private,Active,2021-06-25,,1,backfilled_earliest_claim,initial enrollment
ELG-00178,MBR-00161,MCD-STD,Medicaid,Active,2021-03-22,,1,enrollment_date,initial enrollment
ELG-00179,MBR-00162,MCD-STD,Medicaid,Active,2022-11-11,,1,backfilled_earliest_claim,initial enrollment
ELG-00180,MBR-00163,PRV-BRZ,Private,Active,2020-05-12,,1,enrollment_date,initial enrollment
ELG-00181,MBR-00164,MCD-STD,Medicaid,Active,2021-03-09,,1,backfilled_earliest_claim,initial enrollment
ELG-00182,MBR-00165,MCD-STD,Medicaid,Active,2020-02-22,2021-09-01,1,enrollment_date,initial enrollment
ELG-00183,MBR-00165,MCD-EXP,Medicaid,Active,2021-09-01,,2,plan_change,plan tier change
ELG-00184,MBR-00166,MCR-STD,Medicare,Active,2020-04-20,,1,enrollment_date,initial enrollment
ELG-00185,MBR-00167,MCR-STD,Medicare,Active,2023-10-29,,1,enrollment_date,initial enrollment
ELG-00186,MBR-00168,MCR-ADV,Medicare,Active,2020-10-07,2022-05-01,1,enrollment_date,initial enrollment
ELG-00187,MBR-00168,MCR-ADV,Medicare,Terminated,2022-05-01,,2,termination,coverage terminated
ELG-00188,MBR-00169,MCD-STD,Medicaid,Active,2020-03-01,,1,enrollment_date,initial enrollment
ELG-00189,MBR-00170,MCR-STD,Medicare,Active,2021-08-26,,1,enrollment_date,initial enrollment
ELG-00190,MBR-00171,MCR-ADV,Medicare,Active,2021-09-24,,1,backfilled_earliest_claim,initial enrollment
ELG-00191,MBR-00172,MCR-ADV,Medicare,Active,2022-07-22,,1,backfilled_earliest_claim,initial enrollment
ELG-00192,MBR-00173,MCD-EXP,Medicaid,Active,2020-02-16,,1,enrollment_date,initial enrollment
ELG-00193,MBR-00174,MCR-ADV,Medicare,Active,2022-04-10,,1,enrollment_date,initial enrollment
ELG-00194,MBR-00175,MCR-ADV,Medicare,Active,2020-01-08,,1,enrollment_date,initial enrollment
ELG-00195,MBR-00176,MCR-STD,Medicare,Active,2021-09-30,2024-01-01,1,enrollment_date,initial enrollment
ELG-00196,MBR-00176,MCR-STD,Medicare,Terminated,2024-01-01,,2,termination,coverage terminated
ELG-00197,MBR-00177,MCR-STD,Medicare,Active,2020-03-18,2021-08-01,1,enrollment_date,initial enrollment
ELG-00198,MBR-00177,MCR-ADV,Medicare,Active,2021-08-01,,2,plan_change,plan tier change
ELG-00199,MBR-00178,PRV-SLVR,Private,Active,2023-08-28,,1,enrollment_date,initial enrollment
ELG-00200,MBR-00179,PRV-BRZ,Private,Active,2020-12-28,,1,enrollment_date,initial enrollment
ELG-00201,MBR-00180,MCR-ADV,Medicare,Active,2022-01-08,,1,enrollment_date,initial enrollment
ELG-00202,MBR-00181,MCR-STD,Medicare,Active,2020-01-28,,1,enrollment_date,initial enrollment
ELG-00203,MBR-00182,MCD-STD,Medicaid,Active,2024-02-06,,1,enrollment_date,initial enrollment
ELG-00204,MBR-00183,MCR-STD,Medicare,Active,2020-01-25,,1,enrollment_date,initial enrollment
ELG-00205,MBR-00184,PRV-GOLD,Private,Active,2020-04-20,,1,enrollment_date,initial enrollment
ELG-00206,MBR-00185,PRV-BRZ,Private,Active,2021-12-21,,1,backfilled_earliest_claim,initial enrollment
ELG-00207,MBR-00186,MCD-STD,Medicaid,Active,2021-11-22,,1,enrollment_date,initial enrollment
ELG-00208,MBR-00187,PRV-BRZ,Private,Active,2022-02-07,2022-04-01,1,backfilled_earliest_claim,initial enrollment
ELG-00209,MBR-00187,PRV-BRZ,Private,Terminated,2022-04-01,,2,termination,coverage terminated
ELG-00210,MBR-00188,MCR-STD,Medicare,Active,2021-03-21,,1,backfilled_earliest_claim,initial enrollment
ELG-00211,MBR-00189,MCR-STD,Medicare,Active,2020-12-15,,1,enrollment_date,initial enrollment
ELG-00212,MBR-00190,SP-BASIC,Self-Pay,Active,2022-06-17,,1,enrollment_date,initial enrollment
ELG-00213,MBR-00191,MCD-EXP,Medicaid,Active,2023-05-31,2024-02-01,1,enrollment_date,initial enrollment
ELG-00214,MBR-00191,MCD-EXP,Medicaid,Terminated,2024-02-01,,2,termination,coverage terminated
ELG-00215,MBR-00192,PRV-BRZ,Private,Pending,2021-03-22,,1,backfilled_earliest_claim,enrollment pending verification
ELG-00216,MBR-00193,MCD-EXP,Medicaid,Active,2021-07-27,2024-11-01,1,enrollment_date,initial enrollment
ELG-00217,MBR-00193,MCD-EXP,Medicaid,Terminated,2024-11-01,,2,termination,coverage terminated
ELG-00218,MBR-00194,MCD-EXP,Medicaid,Active,2021-05-08,,1,backfilled_earliest_claim,initial enrollment
ELG-00219,MBR-00195,MCR-ADV,Medicare,Active,2021-08-30,,1,backfilled_earliest_claim,initial enrollment
ELG-00220,MBR-00196,MCD-STD,Medicaid,Active,2021-07-12,,1,enrollment_date,initial enrollment
ELG-00221,MBR-00197,PRV-SLVR,Private,Active,2020-05-18,2020-12-01,1,enrollment_date,initial enrollment
ELG-00222,MBR-00197,PRV-SLVR,Private,Terminated,2020-12-01,,2,termination,coverage terminated
ELG-00223,MBR-00198,MCD-STD,Medicaid,Active,2021-03-28,,1,backfilled_earliest_claim,initial enrollment
ELG-00224,MBR-00199,MCR-STD,Medicare,Active,2020-06-20,,1,enrollment_date,initial enrollment
ELG-00225,MBR-00200,PRV-GOLD,Private,Active,2023-06-08,,1,backfilled_earliest_claim,initial enrollment
ELG-00226,MBR-00201,MCR-STD,Medicare,Active,2024-04-22,,1,enrollment_date,initial enrollment
ELG-00227,MBR-00202,MCD-STD,Medicaid,Active,2020-11-13,,1,enrollment_date,initial enrollment
ELG-00228,MBR-00203,MCD-STD,Medicaid,Active,2024-01-22,2024-09-01,1,enrollment_date,initial enrollment
ELG-00229,MBR-00203,MCD-STD,Medicaid,Terminated,2024-09-01,,2,termination,coverage terminated
ELG-00230,MBR-00204,MCR-STD,Medicare,Active,2021-06-19,,1,backfilled_earliest_claim,initial enrollment
ELG-00231,MBR-00205,MCR-STD,Medicare,Active,2022-05-22,,1,enrollment_date,initial enrollment
ELG-00232,MBR-00206,PRV-BRZ,Private,Active,2022-03-20,,1,backfilled_earliest_claim,initial enrollment
ELG-00233,MBR-00207,PRV-SLVR,Private,Active,2020-05-11,,1,enrollment_date,initial enrollment
ELG-00234,MBR-00208,PRV-SLVR,Private,Active,2021-10-24,,1,backfilled_earliest_claim,initial enrollment
ELG-00235,MBR-00209,SP-BASIC,Self-Pay,Active,2021-02-25,,1,enrollment_date,initial enrollment
ELG-00236,MBR-00210,MCD-STD,Medicaid,Active,2020-05-24,2024-12-01,1,enrollment_date,initial enrollment
ELG-00237,MBR-00210,MCD-STD,Medicaid,Terminated,2024-12-01,,2,termination,coverage terminated
ELG-00238,MBR-00211,MCD-EXP,Medicaid,Active,2022-10-09,,1,backfilled_earliest_claim,initial enrollment
ELG-00239,MBR-00212,MCD-EXP,Medicaid,Active,2021-08-01,,1,enrollment_date,initial enrollment
ELG-00240,MBR-00213,MCD-EXP,Medicaid,Active,2021-07-24,2021-11-01,1,backfilled_earliest_claim,initial enrollment
ELG-00241,MBR-00213,MCD-EXP,Medicaid,Terminated,2021-11-01,,2,termination,coverage terminated
ELG-00242,MBR-00214,MCD-STD,Medicaid,Active,2022-07-11,2023-01-01,1,enrollment_date,initial enrollment
ELG-00243,MBR-00214,MCD-EXP,Medicaid,Active,2023-01-01,,2,plan_change,plan tier change
ELG-00244,MBR-00215,MCR-STD,Medicare,Active,2022-05-25,,1,backfilled_earliest_claim,initial enrollment
ELG-00245,MBR-00216,MCR-ADV,Medicare,Active,2022-12-12,,1,backfilled_earliest_claim,initial enrollment
ELG-00246,MBR-00217,PRV-SLVR,Private,Active,2022-02-18,,1,backfilled_earliest_claim,initial enrollment
ELG-00247,MBR-00218,MCD-STD,Medicaid,Active,2020-01-15,2020-11-01,1,enrollment_date,initial enrollment
ELG-00248,MBR-00218,MCD-EXP,Medicaid,Active,2020-11-01,,2,plan_change,plan tier change
ELG-00249,MBR-00219,MCR-STD,Medicare,Active,2022-04-23,,1,enrollment_date,initial enrollment
ELG-00250,MBR-00220,MCR-STD,Medicare,Active,2021-08-08,,1,backfilled_earliest_claim,initial enrollment
ELG-00251,MBR-00221,PRV-BRZ,Private,Active,2022-05-21,,1,enrollment_date,initial enrollment
ELG-00252,MBR-00222,MCD-STD,Medicaid,Active,2020-10-28,,1,enrollment_date,initial enrollment
ELG-00253,MBR-00223,SP-BASIC,Self-Pay,Active,2021-03-15,,1,backfilled_earliest_claim,initial enrollment
ELG-00254,MBR-00224,MCR-ADV,Medicare,Active,2021-07-27,2025-07-01,1,backfilled_earliest_claim,initial enrollment
ELG-00255,MBR-00224,MCR-ADV,Medicare,Terminated,2025-07-01,,2,termination,coverage terminated
ELG-00256,MBR-00225,PRV-GOLD,Private,Active,2020-05-06,,1,enrollment_date,initial enrollment
ELG-00257,MBR-00226,PRV-SLVR,Private,Active,2021-03-23,,1,backfilled_earliest_claim,initial enrollment
ELG-00258,MBR-00227,MCR-STD,Medicare,Active,2021-02-19,,1,backfilled_earliest_claim,initial enrollment
ELG-00259,MBR-00228,MCR-STD,Medicare,Active,2022-01-19,,1,backfilled_earliest_claim,initial enrollment
ELG-00260,MBR-00229,PRV-GOLD,Private,Active,2021-06-28,,1,backfilled_earliest_claim,initial enrollment
ELG-00261,MBR-00230,PRV-BRZ,Private,Active,2023-08-25,,1,enrollment_date,initial enrollment
ELG-00262,MBR-00231,PRV-GOLD,Private,Active,2022-07-25,,1,enrollment_date,initial enrollment
ELG-00263,MBR-00232,MCD-EXP,Medicaid,Active,2021-01-20,,1,enrollment_date,initial enrollment
ELG-00264,MBR-00233,MCD-STD,Medicaid,Active,2021-04-29,,1,backfilled_earliest_claim,initial enrollment
ELG-00265,MBR-00234,MCD-STD,Medicaid,Active,2021-10-25,,1,enrollment_date,initial enrollment
ELG-00266,MBR-00235,MCR-STD,Medicare,Active,2021-01-12,,1,backfilled_earliest_claim,initial enrollment
ELG-00267,MBR-00236,PRV-SLVR,Private,Active,2020-06-04,,1,enrollment_date,initial enrollment
ELG-00268,MBR-00237,MCD-STD,Medicaid,Active,2023-01-02,,1,backfilled_earliest_claim,initial enrollment
ELG-00269,MBR-00238,MCD-EXP,Medicaid,Active,2024-03-08,,1,backfilled_earliest_claim,initial enrollment
ELG-00270,MBR-00239,MCD-EXP,Medicaid,Active,2022-09-16,,1,enrollment_date,initial enrollment
ELG-00271,MBR-00240,MCR-STD,Medicare,Active,2020-02-01,,1,enrollment_date,initial enrollment
ELG-00272,MBR-00241,PRV-GOLD,Private,Active,2021-03-22,,1,backfilled_earliest_claim,initial enrollment
ELG-00273,MBR-00242,MCR-ADV,Medicare,Active,2021-10-26,,1,backfilled_earliest_claim,initial enrollment
ELG-00274,MBR-00243,MCD-STD,Medicaid,Active,2021-04-02,,1,backfilled_earliest_claim,initial enrollment
ELG-00275,MBR-00244,MCR-STD,Medicare,Active,2022-07-13,,1,enrollment_date,initial enrollment
ELG-00276,MBR-00245,PRV-BRZ,Private,Active,2020-06-10,2020-12-01,1,enrollment_date,initial enrollment
ELG-00277,MBR-00245,PRV-SLVR,Private,Active,2020-12-01,,2,plan_change,plan tier change
ELG-00278,MBR-00246,MCR-ADV,Medicare,Active,2023-04-16,2024-07-01,1,enrollment_date,initial enrollment
ELG-00279,MBR-00246,MCR-ADV,Medicare,Terminated,2024-07-01,,2,termination,coverage terminated
ELG-00280,MBR-00247,MCD-STD,Medicaid,Active,2021-03-18,,1,enrollment_date,initial enrollment
ELG-00281,MBR-00248,PRV-GOLD,Private,Active,2023-06-06,,1,enrollment_date,initial enrollment
ELG-00282,MBR-00249,PRV-BRZ,Private,Active,2023-05-12,,1,backfilled_earliest_claim,initial enrollment
ELG-00283,MBR-00250,SP-BASIC,Self-Pay,Active,2021-01-24,,1,backfilled_earliest_claim,initial enrollment
ELG-00284,MBR-00251,SP-BASIC,Self-Pay,Active,2020-06-13,,1,enrollment_date,initial enrollment
ELG-00285,MBR-00252,MCD-STD,Medicaid,Active,2020-01-07,,1,enrollment_date,initial enrollment
ELG-00286,MBR-00253,PRV-GOLD,Private,Active,2024-07-05,,1,enrollment_date,initial enrollment
ELG-00287,MBR-00254,PRV-SLVR,Private,Active,2022-03-25,,1,enrollment_date,initial enrollment
ELG-00288,MBR-00255,MCD-STD,Medicaid,Active,2021-12-07,,1,enrollment_date,initial enrollment
ELG-00289,MBR-00256,MCR-STD,Medicare,Active,2022-07-22,,1,enrollment_date,initial enrollment
ELG-00290,MBR-00257,MCD-STD,Medicaid,Pending,2021-10-22,,1,backfilled_earliest_claim,enrollment pending verification
ELG-00291,MBR-00258,PRV-GOLD,Private,Active,2022-01-08,,1,backfilled_earliest_claim,initial enrollment
ELG-00292,MBR-00259,SP-BASIC,Self-Pay,Active,2021-03-20,,1,backfilled_earliest_claim,initial enrollment
ELG-00293,MBR-00260,MCR-ADV,Medicare,Active,2021-07-05,,1,enrollment_date,initial enrollment
ELG-00294,MBR-00261,MCD-STD,Medicaid,Active,2021-08-16,,1,backfilled_earliest_claim,initial enrollment
ELG-00295,MBR-00262,SP-BASIC,Self-Pay,Active,2020-01-29,,1,enrollment_date,initial enrollment
ELG-00296,MBR-00263,MCR-STD,Medicare,Active,2023-03-15,,1,enrollment_date,initial enrollment
ELG-00297,MBR-00264,PRV-GOLD,Private,Active,2020-02-03,,1,enrollment_date,initial enrollment
ELG-00298,MBR-00265,PRV-SLVR,Private,Active,2024-06-10,,1,enrollment_date,initial enrollment
ELG-00299,MBR-00266,MCR-STD,Medicare,Active,2021-09-11,2025-01-01,1,backfilled_earliest_claim,initial enrollment
ELG-00300,MBR-00266,MCR-STD,Medicare,Terminated,2025-01-01,,2,termination,coverage terminated
ELG-00301,MBR-00267,PRV-GOLD,Private,Active,2022-03-31,,1,enrollment_date,initial enrollment
ELG-00302,MBR-00268,SP-BASIC,Self-Pay,Active,2022-09-07,,1,enrollment_date,initial enrollment
ELG-00303,MBR-00269,MCD-EXP,Medicaid,Pending,2022-03-13,,1,backfilled_earliest_claim,enrollment pending verification
ELG-00304,MBR-00270,MCR-STD,Medicare,Active,2022-10-06,,1,backfilled_earliest_claim,initial enrollment
ELG-00305,MBR-00271,MCD-EXP,Medicaid,Active,2022-03-21,2024-02-01,1,backfilled_earliest_claim,initial enrollment
ELG-00306,MBR-00271,MCD-EXP,Medicaid,Terminated,2024-02-01,,2,termination,coverage terminated
ELG-00307,MBR-00272,PRV-BRZ,Private,Active,2020-04-07,,1,enrollment_date,initial enrollment
ELG-00308,MBR-00273,SP-BASIC,Self-Pay,Active,2020-03-09,,1,enrollment_date,initial enrollment
ELG-00309,MBR-00274,MCR-STD,Medicare,Active,2021-07-17,,1,backfilled_earliest_claim,initial enrollment
ELG-00310,MBR-00275,MCR-ADV,Medicare,Active,2020-12-30,,1,enrollment_date,initial enrollment
